phase,label_original,pred_label_eval,n_windows
attack,OPCUA_BEHAVIORAL_PROFILING,OPCUA_BEHAVIORAL_PROFILING,76
attack,OPCUA_PROTOCOL_FUZZ,OPCUA_PROTOCOL_FUZZ,2
attack,OPCUA_RECURSIVE_BROWSE,OPCUA_RECURSIVE_BROWSE,3
attack,OPCUA_SESSION_BURST,OPCUA_PROTOCOL_FUZZ,2
attack,OPCUA_SESSION_BURST,OPCUA_SESSION_BURST,2
attack,OPCUA_SESSION_BURST,benign,1
attack,OPCUA_SLOWLORIS,OPCUA_SLOWLORIS,31
attack,OPCUA_SUBSCRIPTION_FLOOD,OPCUA_BEHAVIORAL_PROFILING,6
attack,OPCUA_SUBSCRIPTION_FLOOD,OPCUA_SUBSCRIPTION_FLOOD,2
benign_steady,benign,benign,444
benign_warmup,BENIGN_NORMAL,OPCUA_BEHAVIORAL_PROFILING,7
benign_warmup,BENIGN_NORMAL,OPCUA_ENDPOINT_DISCOVERY,2
benign_warmup,BENIGN_NORMAL,OPCUA_MALICIOUS_WRITE,6
benign_warmup,BENIGN_NORMAL,OPCUA_NODE_BROWSE,2
benign_warmup,BENIGN_NORMAL,OPCUA_PROTOCOL_FUZZ,2
benign_warmup,BENIGN_NORMAL,OPCUA_RECURSIVE_BROWSE,1
benign_warmup,BENIGN_NORMAL,OPCUA_SLOWLORIS,3
benign_warmup,BENIGN_NORMAL,benign,13
