episode_id,phase,n_windows,n_alert_windows,false_positive,first_alert_window_start_ms,original_labels,pred_labels
benign#chunk0,steady,12,0,false,,"{""benign"": 12}","{""benign"": 12}"
benign#chunk1,steady,12,0,false,,"{""benign"": 12}","{""benign"": 12}"
benign#chunk10,steady,12,0,false,,"{""benign"": 12}","{""benign"": 12}"
benign#chunk11,steady,12,0,false,,"{""benign"": 12}","{""benign"": 12}"
benign#chunk12,steady,12,0,false,,"{""benign"": 12}","{""benign"": 12}"
benign#chunk13,steady,12,0,false,,"{""benign"": 12}","{""benign"": 12}"
benign#chunk14,steady,12,0,false,,"{""benign"": 12}","{""benign"": 12}"
benign#chunk15,steady,12,0,false,,"{""benign"": 12}","{""benign"": 12}"
benign#chunk16,steady,12,0,false,,"{""benign"": 12}","{""benign"": 12}"
benign#chunk17,steady,12,0,false,,"{""benign"": 12}","{""benign"": 12}"
benign#chunk18,steady,12,0,false,,"{""benign"": 12}","{""benign"": 12}"
benign#chunk19,steady,12,0,false,,"{""benign"": 12}","{""benign"": 12}"
benign#chunk2,steady,12,0,false,,"{""benign"": 12}","{""benign"": 12}"
benign#chunk20,steady,12,0,false,,"{""benign"": 12}","{""benign"": 12}"
benign#chunk21,steady,12,0,false,,"{""benign"": 12}","{""benign"": 12}"
benign#chunk22,steady,12,0,false,,"{""benign"": 12}","{""benign"": 12}"
benign#chunk23,steady,12,0,false,,"{""benign"": 12}","{""benign"": 12}"
benign#chunk24,steady,12,0,false,,"{""benign"": 12}","{""benign"": 12}"
benign#chunk25,steady,12,0,false,,"{""benign"": 12}","{""benign"": 12}"
benign#chunk26,steady,12,0,false,,"{""benign"": 12}","{""benign"": 12}"
benign#chunk27,steady,12,0,false,,"{""benign"": 12}","{""benign"": 12}"
benign#chunk28,steady,12,0,false,,"{""benign"": 12}","{""benign"": 12}"
benign#chunk29,steady,12,0,false,,"{""benign"": 12}","{""benign"": 12}"
benign#chunk3,steady,12,0,false,,"{""benign"": 12}","{""benign"": 12}"
benign#chunk30,steady,12,0,false,,"{""benign"": 12}","{""benign"": 12}"
benign#chunk31,steady,12,0,false,,"{""benign"": 12}","{""benign"": 12}"
benign#chunk32,steady,12,0,false,,"{""benign"": 12}","{""benign"": 12}"
benign#chunk33,steady,12,0,false,,"{""benign"": 12}","{""benign"": 12}"
benign#chunk34,steady,12,0,false,,"{""benign"": 12}","{""benign"": 12}"
benign#chunk35,steady,12,0,false,,"{""benign"": 12}","{""benign"": 12}"
benign#chunk36,steady,12,0,false,,"{""benign"": 12}","{""benign"": 12}"
benign#chunk4,steady,12,0,false,,"{""benign"": 12}","{""benign"": 12}"
benign#chunk5,steady,12,0,false,,"{""benign"": 12}","{""benign"": 12}"
benign#chunk6,steady,12,0,false,,"{""benign"": 12}","{""benign"": 12}"
benign#chunk7,steady,12,0,false,,"{""benign"": 12}","{""benign"": 12}"
benign#chunk8,steady,12,0,false,,"{""benign"": 12}","{""benign"": 12}"
benign#chunk9,steady,12,0,false,,"{""benign"": 12}","{""benign"": 12}"
day8_train_attacker_host_c001_BENIGN_cooldown,warmup,2,1,true,1788840820000,"{""BENIGN_NORMAL"": 2}","{""OPCUA_ENDPOINT_DISCOVERY"": 1, ""benign"": 1}"
day8_train_attacker_host_c002_BENIGN_warmup,warmup,1,0,false,,"{""BENIGN_NORMAL"": 1}","{""benign"": 1}"
day8_train_attacker_host_c003_BENIGN_cooldown,warmup,1,0,false,,"{""BENIGN_NORMAL"": 1}","{""benign"": 1}"
day8_train_attacker_host_c003_BENIGN_warmup,warmup,1,1,true,1788841010000,"{""BENIGN_NORMAL"": 1}","{""OPCUA_PROTOCOL_FUZZ"": 1}"
day8_train_attacker_host_c004_BENIGN_cooldown,warmup,1,1,true,1788841095000,"{""BENIGN_NORMAL"": 1}","{""OPCUA_RECURSIVE_BROWSE"": 1}"
day8_train_attacker_host_c005_BENIGN_cooldown,warmup,1,1,true,1788841220000,"{""BENIGN_NORMAL"": 1}","{""OPCUA_BEHAVIORAL_PROFILING"": 1}"
day8_train_attacker_host_c006_BENIGN_cooldown,warmup,1,1,true,1788841290000,"{""BENIGN_NORMAL"": 1}","{""OPCUA_PROTOCOL_FUZZ"": 1}"
day8_train_attacker_host_c008_BENIGN_warmup,warmup,1,1,true,1788841430000,"{""BENIGN_NORMAL"": 1}","{""OPCUA_MALICIOUS_WRITE"": 1}"
day8_train_attacker_host_c009_BENIGN_cooldown,warmup,1,1,true,1788841560000,"{""BENIGN_NORMAL"": 1}","{""OPCUA_BEHAVIORAL_PROFILING"": 1}"
day8_train_attacker_host_c009_BENIGN_warmup,warmup,1,1,true,1788841495000,"{""BENIGN_NORMAL"": 1}","{""OPCUA_BEHAVIORAL_PROFILING"": 1}"
day8_train_attacker_host_c010_BENIGN_cooldown,warmup,1,1,true,1788841715000,"{""BENIGN_NORMAL"": 1}","{""OPCUA_BEHAVIORAL_PROFILING"": 1}"
day8_train_attacker_host_c011_BENIGN_cooldown,warmup,1,1,true,1788841805000,"{""BENIGN_NORMAL"": 1}","{""OPCUA_SLOWLORIS"": 1}"
day8_train_attacker_host_c012_BENIGN_cooldown,warmup,2,1,true,1788841870000,"{""BENIGN_NORMAL"": 2}","{""OPCUA_ENDPOINT_DISCOVERY"": 1, ""benign"": 1}"
day8_train_attacker_host_c013_BENIGN_cooldown,warmup,1,0,false,,"{""BENIGN_NORMAL"": 1}","{""benign"": 1}"
day8_train_attacker_host_c013_BENIGN_warmup,warmup,1,0,false,,"{""BENIGN_NORMAL"": 1}","{""benign"": 1}"
day8_train_attacker_host_c014_BENIGN_cooldown,warmup,2,1,true,1788842065000,"{""BENIGN_NORMAL"": 2}","{""OPCUA_BEHAVIORAL_PROFILING"": 1, ""benign"": 1}"
day8_train_attacker_host_c014_BENIGN_warmup,warmup,1,0,false,,"{""BENIGN_NORMAL"": 1}","{""benign"": 1}"
day8_train_attacker_host_c015_BENIGN_cooldown,warmup,2,1,true,1788842220000,"{""BENIGN_NORMAL"": 2}","{""OPCUA_BEHAVIORAL_PROFILING"": 1, ""benign"": 1}"
day8_train_attacker_host_c015_BENIGN_warmup,warmup,1,0,false,,"{""BENIGN_NORMAL"": 1}","{""benign"": 1}"
day8_train_attacker_host_c016_BENIGN_cooldown,warmup,1,1,true,1788842325000,"{""BENIGN_NORMAL"": 1}","{""OPCUA_SLOWLORIS"": 1}"
day8_train_attacker_host_c016_BENIGN_warmup,warmup,1,0,false,,"{""BENIGN_NORMAL"": 1}","{""benign"": 1}"
day8_train_attacker_host_c017_BENIGN_cooldown,warmup,1,1,true,1788842390000,"{""BENIGN_NORMAL"": 1}","{""OPCUA_MALICIOUS_WRITE"": 1}"
day8_train_attacker_host_c018_BENIGN_cooldown,warmup,1,1,true,1788842455000,"{""BENIGN_NORMAL"": 1}","{""OPCUA_MALICIOUS_WRITE"": 1}"
day8_train_attacker_host_c019_BENIGN_cooldown,warmup,1,1,true,1788842520000,"{""BENIGN_NORMAL"": 1}","{""OPCUA_MALICIOUS_WRITE"": 1}"
day8_train_attacker_host_c020_BENIGN_cooldown,warmup,1,1,true,1788842610000,"{""BENIGN_NORMAL"": 1}","{""OPCUA_SLOWLORIS"": 1}"
day8_train_attacker_host_c021_BENIGN_cooldown,warmup,1,0,false,,"{""BENIGN_NORMAL"": 1}","{""benign"": 1}"
day8_train_attacker_host_c022_BENIGN_cooldown,warmup,1,1,true,1788842780000,"{""BENIGN_NORMAL"": 1}","{""OPCUA_BEHAVIORAL_PROFILING"": 1}"
day8_train_attacker_host_c023_BENIGN_cooldown,warmup,1,1,true,1788842845000,"{""BENIGN_NORMAL"": 1}","{""OPCUA_NODE_BROWSE"": 1}"
day8_train_attacker_host_c024_BENIGN_cooldown,warmup,1,0,false,,"{""BENIGN_NORMAL"": 1}","{""benign"": 1}"
day8_train_attacker_host_c025_BENIGN_cooldown,warmup,1,1,true,1788842995000,"{""BENIGN_NORMAL"": 1}","{""OPCUA_MALICIOUS_WRITE"": 1}"
day8_train_attacker_host_c026_BENIGN_cooldown,warmup,1,1,true,1788843060000,"{""BENIGN_NORMAL"": 1}","{""OPCUA_NODE_BROWSE"": 1}"
day8_train_attacker_host_c027_BENIGN_cooldown,warmup,1,1,true,1788843125000,"{""BENIGN_NORMAL"": 1}","{""OPCUA_MALICIOUS_WRITE"": 1}"
