episode_id,true_labels,n_windows,n_true_attack_windows,n_alert_windows,detected,first_alert_window_start_ms,pred_labels
day8_train_attacker_host_c002_OPCUA_SLOWLORIS_fast,"{""OPCUA_SLOWLORIS"": 13}",13,13,13,true,1788840885000,"{""OPCUA_SLOWLORIS"": 13}"
day8_train_attacker_host_c004_OPCUA_RECURSIVE_BROWSE_medium,"{""OPCUA_RECURSIVE_BROWSE"": 3}",3,3,3,true,1788841080000,"{""OPCUA_RECURSIVE_BROWSE"": 3}"
day8_train_attacker_host_c005_OPCUA_BEHAVIORAL_PROFILING_medium,"{""OPCUA_BEHAVIORAL_PROFILING"": 12}",12,12,12,true,1788841160000,"{""OPCUA_BEHAVIORAL_PROFILING"": 12}"
day8_train_attacker_host_c006_OPCUA_PROTOCOL_FUZZ_fast,"{""OPCUA_PROTOCOL_FUZZ"": 1}",1,1,1,true,1788841285000,"{""OPCUA_PROTOCOL_FUZZ"": 1}"
day8_train_attacker_host_c007_OPCUA_SESSION_BURST_slow,"{""OPCUA_SESSION_BURST"": 2}",2,2,2,true,1788841355000,"{""OPCUA_SESSION_BURST"": 2}"
day8_train_attacker_host_c009_OPCUA_BEHAVIORAL_PROFILING_medium,"{""OPCUA_BEHAVIORAL_PROFILING"": 12}",12,12,12,true,1788841500000,"{""OPCUA_BEHAVIORAL_PROFILING"": 12}"
day8_train_attacker_host_c010_OPCUA_BEHAVIORAL_PROFILING_fast,"{""OPCUA_BEHAVIORAL_PROFILING"": 18}",18,18,18,true,1788841625000,"{""OPCUA_BEHAVIORAL_PROFILING"": 18}"
day8_train_attacker_host_c011_OPCUA_SLOWLORIS_slow,"{""OPCUA_SLOWLORIS"": 5}",5,5,5,true,1788841780000,"{""OPCUA_SLOWLORIS"": 5}"
day8_train_attacker_host_c013_OPCUA_PROTOCOL_FUZZ_fast,"{""OPCUA_PROTOCOL_FUZZ"": 1}",1,1,1,true,1788841935000,"{""OPCUA_PROTOCOL_FUZZ"": 1}"
day8_train_attacker_host_c014_OPCUA_BEHAVIORAL_PROFILING_medium,"{""OPCUA_BEHAVIORAL_PROFILING"": 12}",12,12,12,true,1788842005000,"{""OPCUA_BEHAVIORAL_PROFILING"": 12}"
day8_train_attacker_host_c015_OPCUA_BEHAVIORAL_PROFILING_fast,"{""OPCUA_BEHAVIORAL_PROFILING"": 18}",18,18,18,true,1788842130000,"{""OPCUA_BEHAVIORAL_PROFILING"": 18}"
day8_train_attacker_host_c016_OPCUA_SLOWLORIS_medium,"{""OPCUA_SLOWLORIS"": 8}",8,8,8,true,1788842285000,"{""OPCUA_SLOWLORIS"": 8}"
day8_train_attacker_host_c020_OPCUA_SLOWLORIS_slow,"{""OPCUA_SLOWLORIS"": 5}",5,5,5,true,1788842585000,"{""OPCUA_SLOWLORIS"": 5}"
day8_train_attacker_host_c021_OPCUA_SUBSCRIPTION_FLOOD_slow,"{""OPCUA_SUBSCRIPTION_FLOOD"": 4}",4,4,4,true,1788842675000,"{""OPCUA_BEHAVIORAL_PROFILING"": 3, ""OPCUA_SUBSCRIPTION_FLOOD"": 1}"
day8_train_attacker_host_c022_OPCUA_BEHAVIORAL_PROFILING_slow,"{""OPCUA_BEHAVIORAL_PROFILING"": 4}",4,4,4,true,1788842760000,"{""OPCUA_BEHAVIORAL_PROFILING"": 4}"
day8_train_attacker_host_c024_OPCUA_SUBSCRIPTION_FLOOD_slow,"{""OPCUA_SUBSCRIPTION_FLOOD"": 4}",4,4,4,true,1788842910000,"{""OPCUA_BEHAVIORAL_PROFILING"": 3, ""OPCUA_SUBSCRIPTION_FLOOD"": 1}"
day8_train_attacker_host_c028_OPCUA_SESSION_BURST_slow,"{""OPCUA_SESSION_BURST"": 3}",3,3,2,true,1788843190000,"{""OPCUA_PROTOCOL_FUZZ"": 2, ""benign"": 1}"
