phase,feature,n,mean,p95,max
attack,opcua_client_src_count,125,1.992,2.0,2.0
attack,opcua_create_monitored_items_count,125,0.304,1.0,6.0
attack,opcua_create_session_count,125,0.4,1.0,16.0
attack,opcua_create_subscription_count,125,0.064,1.0,1.0
attack,opcua_hel_count,125,0.408,1.0,16.0
attack,opcua_opn_count,125,0.8,2.0,32.0
attack,opcua_publish_count,125,11.36,14.0,16.0
attack,opcua_unique_tcp_stream_count,125,4.504,15.0,18.0
benign_steady,opcua_client_src_count,444,1.0,1.0,1.0
benign_steady,opcua_create_monitored_items_count,444,0.0,0.0,0.0
benign_steady,opcua_create_session_count,444,0.0,0.0,0.0
benign_steady,opcua_create_subscription_count,444,0.0,0.0,0.0
benign_steady,opcua_hel_count,444,0.0,0.0,0.0
benign_steady,opcua_opn_count,444,0.0045045045045045045,0.0,2.0
benign_steady,opcua_publish_count,444,7.1441441441441444,10.0,10.0
benign_steady,opcua_unique_tcp_stream_count,444,1.7004504504504505,5.0,5.0
benign_warmup,opcua_client_src_count,36,2.0,2.0,2.0
benign_warmup,opcua_create_monitored_items_count,36,0.0,0.0,0.0
benign_warmup,opcua_create_session_count,36,0.3055555555555556,1.0,1.0
benign_warmup,opcua_create_subscription_count,36,0.0,0.0,0.0
benign_warmup,opcua_hel_count,36,0.3888888888888889,1.0,2.0
benign_warmup,opcua_opn_count,36,0.7222222222222222,2.0,4.0
benign_warmup,opcua_publish_count,36,10.055555555555555,10.0,12.0
benign_warmup,opcua_unique_tcp_stream_count,36,2.611111111111111,6.0,11.0
