true/pred,OPCUA_BEHAVIORAL_PROFILING,OPCUA_ENDPOINT_DISCOVERY,OPCUA_MALICIOUS_WRITE,OPCUA_NODE_BROWSE,OPCUA_PROTOCOL_FUZZ,OPCUA_READ_SCRAPING,OPCUA_RECURSIVE_BROWSE,OPCUA_SESSION_BURST,OPCUA_SLOWLORIS,OPCUA_SUBSCRIPTION_FLOOD,benign
OPCUA_BEHAVIORAL_PROFILING,80,0,0,0,0,0,0,0,0,0,109
OPCUA_ENDPOINT_DISCOVERY,0,23,0,0,0,0,0,0,0,0,1
OPCUA_MALICIOUS_WRITE,0,0,50,0,0,0,0,0,0,0,0
OPCUA_NODE_BROWSE,0,0,0,20,0,0,0,0,0,0,1
OPCUA_PROTOCOL_FUZZ,0,0,0,0,15,0,0,0,0,0,12
OPCUA_READ_SCRAPING,0,0,0,0,0,56,0,0,0,0,2
OPCUA_RECURSIVE_BROWSE,0,0,0,0,0,0,78,0,0,0,2
OPCUA_SESSION_BURST,0,0,0,1,0,0,0,26,0,0,2
OPCUA_SLOWLORIS,0,0,0,0,0,0,0,1,172,0,1
OPCUA_SUBSCRIPTION_FLOOD,0,0,0,0,0,0,0,0,0,36,30
benign,0,0,0,0,0,0,0,0,0,0,2709
