window_start_ms,window_end_ms,window_start_iso_utc,raw_label,activity_aware_label,raw_episode_id,timeline_episode_id_recomputed,timeline_overlap_ms,change_reason_manifest,attacker_src_packet_count,attacker_src_tcp_payload_packet_count,attacker_src_tcp_payload_bytes,attacker_src_tcp4840_packet_count,attacker_src_opcua_decoded_packet_count,attacker_to_plc_packet_count,plc_to_attacker_packet_count,plc_to_attacker_tcp_payload_packet_count,plc_to_attacker_opcua_decoded_packet_count,pipeline_scope_attacker_src_packet_count,pipeline_scope_plc_response_packet_count,pipeline_scope_attacker_related_packet_count,first_attacker_packet_epoch,last_attacker_packet_epoch,attacker_transport_types,attacker_service_node_ids,attacker_destination_ips,attacker_destination_tcp_ports,response_transport_types,response_service_node_ids,capture_coverage,audit_verdict,audit_reason,previous_window_same_raw_episode,previous_pipeline_scope_attacker_related_count,next_window_same_raw_episode,next_pipeline_scope_attacker_related_count
1786332430000,1786332435000,2026-08-10T03:27:10+00:00,OPCUA_SESSION_BURST,benign,OPCUA_SESSION_BURST#c7,OPCUA_SESSION_BURST#c7,41,activity_aware_no_attacker_traffic_in_window,0,0,0,0,0,0,0,0,0,0,0,0,,,{},{},{},{},{},{},full,consistent,No attacker-related packet was captured in the original extractor scope (TCP/4840 involving PLC).,false,,true,105
1786332440000,1786332445000,2026-08-10T03:27:20+00:00,OPCUA_SESSION_BURST,benign,OPCUA_SESSION_BURST#c7,OPCUA_SESSION_BURST#c7,4846,activity_aware_no_attacker_traffic_in_window,0,0,0,0,0,0,0,0,0,0,0,0,,,{},{},{},{},{},{},full,consistent,No attacker-related packet was captured in the original extractor scope (TCP/4840 involving PLC).,true,105,false,
1786332660000,1786332665000,2026-08-10T03:31:00+00:00,OPCUA_SUBSCRIPTION_FLOOD,benign,OPCUA_SUBSCRIPTION_FLOOD#c10,OPCUA_SUBSCRIPTION_FLOOD#c10,1974,activity_aware_no_attacker_traffic_in_window,0,0,0,0,0,0,0,0,0,0,0,0,,,{},{},{},{},{},{},full,consistent,No attacker-related packet was captured in the original extractor scope (TCP/4840 involving PLC).,false,,true,37
1786334095000,1786334100000,2026-08-10T03:54:55+00:00,OPCUA_SESSION_BURST,benign,OPCUA_SESSION_BURST#c30,OPCUA_SESSION_BURST#c30,256,activity_aware_no_attacker_traffic_in_window,0,0,0,0,0,0,0,0,0,0,0,0,,,{},{},{},{},{},{},full,consistent,No attacker-related packet was captured in the original extractor scope (TCP/4840 involving PLC).,false,,true,105
1786334105000,1786334110000,2026-08-10T03:55:05+00:00,OPCUA_SESSION_BURST,benign,OPCUA_SESSION_BURST#c30,OPCUA_SESSION_BURST#c30,4675,activity_aware_no_attacker_traffic_in_window,0,0,0,0,0,0,0,0,0,0,0,0,,,{},{},{},{},{},{},full,consistent,No attacker-related packet was captured in the original extractor scope (TCP/4840 involving PLC).,true,105,false,
1786334910000,1786334915000,2026-08-10T04:08:30+00:00,OPCUA_SESSION_BURST,benign,OPCUA_SESSION_BURST#c41,OPCUA_SESSION_BURST#c41,2699,activity_aware_no_attacker_traffic_in_window,0,0,0,0,0,0,0,0,0,0,0,0,,,{},{},{},{},{},{},full,consistent,No attacker-related packet was captured in the original extractor scope (TCP/4840 involving PLC).,true,84,false,
1786335070000,1786335075000,2026-08-10T04:11:10+00:00,OPCUA_SUBSCRIPTION_FLOOD,benign,OPCUA_SUBSCRIPTION_FLOOD#c43,OPCUA_SUBSCRIPTION_FLOOD#c43,1479,activity_aware_no_attacker_traffic_in_window,0,0,0,0,0,0,0,0,0,0,0,0,,,{},{},{},{},{},{},full,consistent,No attacker-related packet was captured in the original extractor scope (TCP/4840 involving PLC).,false,,true,37
1786337055000,1786337060000,2026-08-10T04:44:15+00:00,OPCUA_SESSION_BURST,benign,OPCUA_SESSION_BURST#c70,OPCUA_SESSION_BURST#c70,1621,activity_aware_no_attacker_traffic_in_window,0,0,0,0,0,0,0,0,0,0,0,0,,,{},{},{},{},{},{},full,consistent,No attacker-related packet was captured in the original extractor scope (TCP/4840 involving PLC).,true,42,false,
1786337125000,1786337130000,2026-08-10T04:45:25+00:00,OPCUA_SESSION_BURST,benign,OPCUA_SESSION_BURST#c71,OPCUA_SESSION_BURST#c71,1568,activity_aware_no_attacker_traffic_in_window,0,0,0,0,0,0,0,0,0,0,0,0,,,{},{},{},{},{},{},full,consistent,No attacker-related packet was captured in the original extractor scope (TCP/4840 involving PLC).,true,42,false,
1786337640000,1786337645000,2026-08-10T04:54:00+00:00,OPCUA_SESSION_BURST,benign,OPCUA_SESSION_BURST#c79,OPCUA_SESSION_BURST#c79,777,activity_aware_no_attacker_traffic_in_window,1,0,0,0,0,0,0,0,0,0,0,0,1786337644.924057000,1786337644.924057000,{},{},"{""192.168.210.31"":1}","{""7680"":1}",{},{},full,consistent,No attacker-related packet was captured in the original extractor scope (TCP/4840 involving PLC).,true,21,false,
1786338230000,1786338235000,2026-08-10T05:03:50+00:00,OPCUA_PROTOCOL_FUZZ,benign,OPCUA_PROTOCOL_FUZZ#c87,OPCUA_PROTOCOL_FUZZ#c87,409,activity_aware_no_attacker_traffic_in_window,0,0,0,0,0,0,0,0,0,0,0,0,,,{},{},{},{},{},{},full,consistent,No attacker-related packet was captured in the original extractor scope (TCP/4840 involving PLC).,true,42,false,
1786338295000,1786338300000,2026-08-10T05:04:55+00:00,OPCUA_SESSION_BURST,benign,OPCUA_SESSION_BURST#c88,OPCUA_SESSION_BURST#c88,5000,activity_aware_no_attacker_traffic_in_window,0,0,0,0,0,0,0,0,0,0,0,0,,,{},{},{},{},{},{},full,consistent,No attacker-related packet was captured in the original extractor scope (TCP/4840 involving PLC).,true,105,true,0
1786338300000,1786338305000,2026-08-10T05:05:00+00:00,OPCUA_SESSION_BURST,benign,OPCUA_SESSION_BURST#c88,OPCUA_SESSION_BURST#c88,345,activity_aware_no_attacker_traffic_in_window,0,0,0,0,0,0,0,0,0,0,0,0,,,{},{},{},{},{},{},full,consistent,No attacker-related packet was captured in the original extractor scope (TCP/4840 involving PLC).,true,0,false,
1786338945000,1786338950000,2026-08-10T05:15:45+00:00,OPCUA_SESSION_BURST,benign,OPCUA_SESSION_BURST#c97,OPCUA_SESSION_BURST#c97,2655,activity_aware_no_attacker_traffic_in_window,0,0,0,0,0,0,0,0,0,0,0,0,,,{},{},{},{},{},{},full,consistent,No attacker-related packet was captured in the original extractor scope (TCP/4840 involving PLC).,true,84,false,
1786339405000,1786339410000,2026-08-10T05:23:25+00:00,OPCUA_SESSION_BURST,benign,OPCUA_SESSION_BURST#c104,OPCUA_SESSION_BURST#c104,1385,activity_aware_no_attacker_traffic_in_window,0,0,0,0,0,0,0,0,0,0,0,0,,,{},{},{},{},{},{},full,consistent,No attacker-related packet was captured in the original extractor scope (TCP/4840 involving PLC).,true,42,false,
1786340145000,1786340150000,2026-08-10T05:35:45+00:00,OPCUA_SESSION_BURST,benign,OPCUA_SESSION_BURST#c115,OPCUA_SESSION_BURST#c115,4951,activity_aware_no_attacker_traffic_in_window,0,0,0,0,0,0,0,0,0,0,0,0,,,{},{},{},{},{},{},full,consistent,No attacker-related packet was captured in the original extractor scope (TCP/4840 involving PLC).,true,105,false,
1786340990000,1786340995000,2026-08-10T05:49:50+00:00,OPCUA_SESSION_BURST,benign,OPCUA_SESSION_BURST#c127,OPCUA_SESSION_BURST#c127,4689,activity_aware_no_attacker_traffic_in_window,0,0,0,0,0,0,0,0,0,0,0,0,,,{},{},{},{},{},{},full,consistent,No attacker-related packet was captured in the original extractor scope (TCP/4840 involving PLC).,true,105,false,
1786341550000,1786341555000,2026-08-10T05:59:10+00:00,OPCUA_SESSION_BURST,benign,OPCUA_SESSION_BURST#c134,OPCUA_SESSION_BURST#c134,1919,activity_aware_no_attacker_traffic_in_window,0,0,0,0,0,0,0,0,0,0,0,0,,,{},{},{},{},{},{},full,consistent,No attacker-related packet was captured in the original extractor scope (TCP/4840 involving PLC).,true,63,false,
1786341945000,1786341950000,2026-08-10T06:05:45+00:00,OPCUA_SESSION_BURST,benign,OPCUA_SESSION_BURST#c139,OPCUA_SESSION_BURST#c139,5000,activity_aware_no_attacker_traffic_in_window,7,3,120,0,0,0,0,0,0,0,0,0,1786341946.974078000,1786341948.307556000,{},{},"{""192.168.210.31"":7}","{""7680"":7}",{},{},full,consistent,No attacker-related packet was captured in the original extractor scope (TCP/4840 involving PLC).,true,105,true,0
1786341950000,1786341955000,2026-08-10T06:05:50+00:00,OPCUA_SESSION_BURST,benign,OPCUA_SESSION_BURST#c139,OPCUA_SESSION_BURST#c139,177,activity_aware_no_attacker_traffic_in_window,0,0,0,0,0,0,0,0,0,0,0,0,,,{},{},{},{},{},{},full,consistent,No attacker-related packet was captured in the original extractor scope (TCP/4840 involving PLC).,true,0,false,
1786342400000,1786342405000,2026-08-10T06:13:20+00:00,OPCUA_SESSION_BURST,benign,OPCUA_SESSION_BURST#c145,OPCUA_SESSION_BURST#c145,1119,activity_aware_no_attacker_traffic_in_window,0,0,0,0,0,0,0,0,0,0,0,0,,,{},{},{},{},{},{},full,consistent,No attacker-related packet was captured in the original extractor scope (TCP/4840 involving PLC).,true,21,false,
1786342595000,1786342600000,2026-08-10T06:16:35+00:00,OPCUA_SESSION_BURST,benign,OPCUA_SESSION_BURST#c148,OPCUA_SESSION_BURST#c148,5000,activity_aware_no_attacker_traffic_in_window,0,0,0,0,0,0,0,0,0,0,0,0,,,{},{},{},{},{},{},full,consistent,No attacker-related packet was captured in the original extractor scope (TCP/4840 involving PLC).,true,107,true,0
1786342600000,1786342605000,2026-08-10T06:16:40+00:00,OPCUA_SESSION_BURST,benign,OPCUA_SESSION_BURST#c148,OPCUA_SESSION_BURST#c148,507,activity_aware_no_attacker_traffic_in_window,0,0,0,0,0,0,0,0,0,0,0,0,,,{},{},{},{},{},{},full,consistent,No attacker-related packet was captured in the original extractor scope (TCP/4840 involving PLC).,true,0,false,
1786344205000,1786344210000,2026-08-10T06:43:25+00:00,OPCUA_SESSION_BURST,benign,OPCUA_SESSION_BURST#c172,OPCUA_SESSION_BURST#c172,246,activity_aware_no_attacker_traffic_in_window,0,0,0,0,0,0,0,0,0,0,0,0,,,{},{},{},{},{},{},full,consistent,No attacker-related packet was captured in the original extractor scope (TCP/4840 involving PLC).,false,,true,104
1786344215000,1786344220000,2026-08-10T06:43:35+00:00,OPCUA_SESSION_BURST,benign,OPCUA_SESSION_BURST#c172,OPCUA_SESSION_BURST#c172,4723,activity_aware_no_attacker_traffic_in_window,0,0,0,0,0,0,0,0,0,0,0,0,,,{},{},{},{},{},{},full,consistent,No attacker-related packet was captured in the original extractor scope (TCP/4840 involving PLC).,true,104,false,
1786344665000,1786344670000,2026-08-10T06:51:05+00:00,OPCUA_SESSION_BURST,benign,OPCUA_SESSION_BURST#c178,OPCUA_SESSION_BURST#c178,5000,activity_aware_no_attacker_traffic_in_window,0,0,0,0,0,0,0,0,0,0,0,0,,,{},{},{},{},{},{},full,consistent,No attacker-related packet was captured in the original extractor scope (TCP/4840 involving PLC).,true,105,true,0
1786344670000,1786344675000,2026-08-10T06:51:10+00:00,OPCUA_SESSION_BURST,benign,OPCUA_SESSION_BURST#c178,OPCUA_SESSION_BURST#c178,172,activity_aware_no_attacker_traffic_in_window,0,0,0,0,0,0,0,0,0,0,0,0,,,{},{},{},{},{},{},full,consistent,No attacker-related packet was captured in the original extractor scope (TCP/4840 involving PLC).,true,0,false,
1786347100000,1786347105000,2026-08-10T07:31:40+00:00,OPCUA_SUBSCRIPTION_FLOOD,benign,OPCUA_SUBSCRIPTION_FLOOD#c212,OPCUA_SUBSCRIPTION_FLOOD#c212,1923,activity_aware_no_attacker_traffic_in_window,0,0,0,0,0,0,0,0,0,0,0,0,,,{},{},{},{},{},{},full,consistent,No attacker-related packet was captured in the original extractor scope (TCP/4840 involving PLC).,false,,true,37
1786347670000,1786347675000,2026-08-10T07:41:10+00:00,OPCUA_SUBSCRIPTION_FLOOD,benign,OPCUA_SUBSCRIPTION_FLOOD#c220,OPCUA_SUBSCRIPTION_FLOOD#c220,1641,activity_aware_no_attacker_traffic_in_window,0,0,0,0,0,0,0,0,0,0,0,0,,,{},{},{},{},{},{},full,consistent,No attacker-related packet was captured in the original extractor scope (TCP/4840 involving PLC).,false,,true,39
