window_start_ms,window_end_ms,stored_label,stored_episode,event_labels,event_frames,finding,majority_overlap_label,attacker_related_packet_present
1788840820000,1788840825000,BENIGN_NORMAL,day8_train_attacker_host_c001_BENIGN_cooldown,"[""OPCUA_ENDPOINT_DISCOVERY""]","{""day8_train_attacker_host_c001_OPCUA_ENDPOINT_DISCOVERY_fixed"": [3388, 3390, 3392, 3395, 3408, 3414, 3424, 3429]}",benign_with_event_evidence,BENIGN_NORMAL,True
1788841010000,1788841015000,BENIGN_NORMAL,day8_train_attacker_host_c003_BENIGN_warmup,"[""OPCUA_PROTOCOL_FUZZ""]","{""day8_train_attacker_host_c003_OPCUA_PROTOCOL_FUZZ_slow"": [23379]}",benign_with_event_evidence,BENIGN_NORMAL,True
1788841095000,1788841100000,BENIGN_NORMAL,day8_train_attacker_host_c004_BENIGN_cooldown,"[""OPCUA_RECURSIVE_BROWSE""]","{""day8_train_attacker_host_c004_OPCUA_RECURSIVE_BROWSE_medium"": [32415, 32417, 32419, 32421, 32423, 32427, 32433, 32440, 32446, 32452, 32458, 32464, 32471, 32476, 32478, 32480, 32484, 32488, 32491, 32493, 32496, 32498, 32500, 32502, 32504, 32506, 32508, 32513, 32515, 32518, 32520, 32522, 32524, 32526, 32528, 32531, 32533, 32536, 32538, 32540, 32542, 32544, 32546, 32548, 32550, 32553, 32555, 32557, 32559, 32561, 32563, 32566, 32568, 32571, 32573, 32575, 32577, 32579, 32589, 32609, 32611, 32613, 32617, 32619, 32621, 32623, 32625, 32627, 32629, 32631, 32633, 32635, 32637, 32639, 32641, 32643, 32645, 32647, 32649, 32651, 32653, 32655, 32659, 32661, 32663, 32665, 32667, 32669, 32671, 32673, 32675, 32677, 32679, 32681, 32683, 32685, 32687, 32689, 32691, 32693, 32695, 32697, 32699, 32701, 32703, 32705, 32707, 32709, 32712, 32714, 32716, 32718, 32721, 32723, 32725, 32727, 32730, 32781, 32792, 32794]}",benign_with_event_evidence,BENIGN_NORMAL,True
1788841220000,1788841225000,BENIGN_NORMAL,day8_train_attacker_host_c005_BENIGN_cooldown,"[""OPCUA_BEHAVIORAL_PROFILING""]","{""day8_train_attacker_host_c005_OPCUA_BEHAVIORAL_PROFILING_medium"": [43453, 43469, 43551, 43606, 43612, 43614]}",benign_with_event_evidence,BENIGN_NORMAL,True
1788841290000,1788841295000,BENIGN_NORMAL,day8_train_attacker_host_c006_BENIGN_cooldown,"[""OPCUA_PROTOCOL_FUZZ""]","{""day8_train_attacker_host_c006_OPCUA_PROTOCOL_FUZZ_fast"": [49329, 49402, 49427]}",benign_with_event_evidence,BENIGN_NORMAL,True
1788841430000,1788841435000,BENIGN_NORMAL,day8_train_attacker_host_c008_BENIGN_warmup,"[""OPCUA_INVALID_WRITE""]","{""day8_train_attacker_host_c008_OPCUA_INVALID_WRITE_fixed"": [61179, 61193, 61195]}",benign_with_event_evidence,BENIGN_NORMAL,True
1788841560000,1788841565000,BENIGN_NORMAL,day8_train_attacker_host_c009_BENIGN_cooldown,"[""OPCUA_BEHAVIORAL_PROFILING""]","{""day8_train_attacker_host_c009_OPCUA_BEHAVIORAL_PROFILING_medium"": [72401, 72408, 72410]}",benign_with_event_evidence,BENIGN_NORMAL,True
1788841715000,1788841720000,BENIGN_NORMAL,day8_train_attacker_host_c010_BENIGN_cooldown,"[""OPCUA_BEHAVIORAL_PROFILING""]","{""day8_train_attacker_host_c010_OPCUA_BEHAVIORAL_PROFILING_fast"": [86406, 86410, 86412]}",benign_with_event_evidence,BENIGN_NORMAL,True
1788841805000,1788841810000,BENIGN_NORMAL,day8_train_attacker_host_c011_BENIGN_cooldown,"[""OPCUA_SLOWLORIS""]","{""day8_train_attacker_host_c011_OPCUA_SLOWLORIS_slow"": [95114, 95115, 95116, 95124, 95125, 95128, 95130, 95146, 95148, 95150, 95155, 95157, 95170, 95173, 95180]}",benign_with_event_evidence,BENIGN_NORMAL,True
1788841870000,1788841875000,BENIGN_NORMAL,day8_train_attacker_host_c012_BENIGN_cooldown,"[""OPCUA_ENDPOINT_DISCOVERY""]","{""day8_train_attacker_host_c012_OPCUA_ENDPOINT_DISCOVERY_fixed"": [100954, 100956, 100960]}",benign_with_event_evidence,BENIGN_NORMAL,True
1788842065000,1788842070000,BENIGN_NORMAL,day8_train_attacker_host_c014_BENIGN_cooldown,"[""OPCUA_BEHAVIORAL_PROFILING""]","{""day8_train_attacker_host_c014_OPCUA_BEHAVIORAL_PROFILING_medium"": [119500, 119507, 119509]}",benign_with_event_evidence,BENIGN_NORMAL,True
1788842220000,1788842225000,BENIGN_NORMAL,day8_train_attacker_host_c015_BENIGN_cooldown,"[""OPCUA_BEHAVIORAL_PROFILING""]","{""day8_train_attacker_host_c015_OPCUA_BEHAVIORAL_PROFILING_fast"": [134083, 134097, 134101, 134103]}",benign_with_event_evidence,BENIGN_NORMAL,True
1788842325000,1788842330000,BENIGN_NORMAL,day8_train_attacker_host_c016_BENIGN_cooldown,"[""OPCUA_SLOWLORIS""]","{""day8_train_attacker_host_c016_OPCUA_SLOWLORIS_medium"": [143993, 143994, 143995, 143996, 144012, 144013, 144024, 144025, 144034, 144035, 144036, 144039, 144041, 144058, 144060, 144065, 144067, 144087, 144089, 144096, 144098, 144115, 144117, 144122, 144124, 144142, 144144, 144149, 144151, 144168]}",benign_with_event_evidence,BENIGN_NORMAL,True
1788842390000,1788842395000,BENIGN_NORMAL,day8_train_attacker_host_c017_BENIGN_cooldown,"[""OPCUA_WRITE_DENIED""]","{""day8_train_attacker_host_c017_OPCUA_WRITE_DENIED_fixed"": [150008, 150012, 150016]}",benign_with_event_evidence,BENIGN_NORMAL,True
1788842455000,1788842460000,BENIGN_NORMAL,day8_train_attacker_host_c018_BENIGN_cooldown,"[""OPCUA_INVALID_WRITE""]","{""day8_train_attacker_host_c018_OPCUA_INVALID_WRITE_fixed"": [155345, 155351, 155353]}",benign_with_event_evidence,BENIGN_NORMAL,True
1788842520000,1788842525000,BENIGN_NORMAL,day8_train_attacker_host_c019_BENIGN_cooldown,"[""OPCUA_INVALID_WRITE""]","{""day8_train_attacker_host_c019_OPCUA_INVALID_WRITE_fixed"": [160695, 160698, 160700]}",benign_with_event_evidence,BENIGN_NORMAL,True
1788842610000,1788842615000,BENIGN_NORMAL,day8_train_attacker_host_c020_BENIGN_cooldown,"[""OPCUA_SLOWLORIS""]","{""day8_train_attacker_host_c020_OPCUA_SLOWLORIS_slow"": [170810, 170811, 170812, 170813, 170814, 170992, 170994, 170996, 171009, 171011, 171016, 171018, 171033, 171035, 171044]}",benign_with_event_evidence,BENIGN_NORMAL,True
1788842780000,1788842785000,BENIGN_NORMAL,day8_train_attacker_host_c022_BENIGN_cooldown,"[""OPCUA_BEHAVIORAL_PROFILING""]","{""day8_train_attacker_host_c022_OPCUA_BEHAVIORAL_PROFILING_slow"": [185715, 185719, 185721]}",benign_with_event_evidence,BENIGN_NORMAL,True
1788842845000,1788842850000,BENIGN_NORMAL,day8_train_attacker_host_c023_BENIGN_cooldown,"[""OPCUA_NODE_BROWSE""]","{""day8_train_attacker_host_c023_OPCUA_NODE_BROWSE_fixed"": [190752, 190754, 190756, 190758, 190760, 190762, 190764, 190766, 190768, 190772, 190774, 190776, 190778, 190780, 190782, 190784, 190786, 190788, 190790]}",benign_with_event_evidence,BENIGN_NORMAL,True
1788842995000,1788843000000,BENIGN_NORMAL,day8_train_attacker_host_c025_BENIGN_cooldown,"[""OPCUA_INVALID_WRITE""]","{""day8_train_attacker_host_c025_OPCUA_INVALID_WRITE_fixed"": [203509, 203515, 203517]}",benign_with_event_evidence,BENIGN_NORMAL,True
1788843060000,1788843065000,BENIGN_NORMAL,day8_train_attacker_host_c026_BENIGN_cooldown,"[""OPCUA_NODE_BROWSE""]","{""day8_train_attacker_host_c026_OPCUA_NODE_BROWSE_fixed"": [210885, 210887, 210889, 210891, 210893, 210895, 210897, 210899, 210901, 210903, 210905, 210907, 210909, 210913, 210919, 210925, 210931, 210937, 210939]}",benign_with_event_evidence,BENIGN_NORMAL,True
1788843125000,1788843130000,BENIGN_NORMAL,day8_train_attacker_host_c027_BENIGN_cooldown,"[""OPCUA_WRITE_DENIED""]","{""day8_train_attacker_host_c027_OPCUA_WRITE_DENIED_fixed"": [216242, 216252, 216254, 216256]}",benign_with_event_evidence,BENIGN_NORMAL,True
