episode,label,start_ms,end_ms,original_attack_windows,event_evidence_windows,evidence_frames
day8_train_attacker_host_c001_OPCUA_ENDPOINT_DISCOVERY_fixed,OPCUA_ENDPOINT_DISCOVERY,1788840821088,1788840821519,0,1,"{""1788840820000"": [3388, 3390, 3392, 3395, 3408, 3414, 3424, 3429]}"
day8_train_attacker_host_c002_OPCUA_SLOWLORIS_fast,OPCUA_SLOWLORIS,1788840886524,1788840947683,13,13,"{""1788840885000"": [9143, 9155, 9158, 9165, 9180, 9194, 9197, 9202, 9212, 9223, 9228, 9235, 9248, 9258, 9261, 9275, 9285, 9287, 9290, 9295, 9309, 9319, 9323, 9328, 9338, 9355, 9358, 9363, 9373, 9384, 9390, 9398, 9409, 9419, 9422, 9428, 9438, 9448, 9451, 9460, 9466, 9477, 9480, 9485, 9496, 9506, 9509, 9514, 9524, 9535, 9539, 9544, 9554, 9565, 9567, 9573, 9578, 9580, 9591, 9592, 9598, 9600, 9602, 9604, 9606, 9608, 9610, 9612, 9614, 9616, 9618, 9624, 9626, 9695, 9701, 9711, 9717, 9720, 9722, 9730, 9733, 9734, 9739, 9742, 9744, 9747, 9751, 9812, 9813, 9822, 9827, 9830, 9831, 9838, 9843, 9844, 9849, 9852, 9853, 9857, 9862, 9933, 9934, 9943, 9949, 9953, 9954, 9961, 9964, 9965, 9975, 9978, 9979, 9982], ""1788840890000"": [9987, 10066, 10067, 10074, 10081, 10084, 10085, 10092, 10094, 10095, 10101, 10104, 10105, 10109, 10115, 10167, 10168, 10175, 10206, 10212, 10213, 10219, 10220, 10221, 10229, 10234, 10235, 10236, 10246, 10273, 10274, 10275, 10321, 10323, 10325, 10335, 10336, 10337, 10344, 10347, 10348, 10349, 10358, 10395, 10396, 10397, 10416, 10422, 10423, 10461, 10462, 10463, 10471, 10475, 10476, 10477, 10484, 10542, 10543, 10544, 10551, 10552, 10553, 10576, 10577, 10578, 10610, 10615, 10616, 10617], ""1788840895000"": [10625, 10652, 10653, 10654, 10664, 10665, 10666, 10676, 10677, 10680, 10697, 10723, 10724, 10725, 10743, 10768, 10769, 10770, 10779, 10780, 10781, 10788, 10789, 10790, 10797, 10800, 10801, 10802, 10850, 10857, 10859, 10863, 10865, 10868, 10871, 10873, 10875, 10877, 10880, 10882, 10884, 10889, 10891, 10927, 10928, 10929, 10939, 10940, 10941, 10951, 10952, 10953, 10960, 10964, 10965, 10966, 10977, 11054, 11055, 11056, 11071, 11072, 11073, 11080, 11081, 11082, 11089, 11092, 11093, 11094, 11112, 11169, 11170, 11171, 11188, 11189, 11190, 11201, 11202, 11203, 11211, 11214, 11215, 11216], ""1788840900000"": [11229, 11307, 11308, 11309, 11324, 11325, 11326, 11334, 11335, 11336, 11352, 11355, 11356, 11357, 11368, 11433, 11434, 11435, 11450, 11451, 11452, 11464, 11465, 11466, 11474, 11477, 11478, 11479, 11500, 11561, 11562, 11563, 11578, 11579, 11580, 11587, 11588, 11589, 11596, 11599, 11600, 11601, 11613, 11679, 11680, 11681, 11700, 11701, 11702, 11710, 11711, 11712, 11721, 11725, 11726, 11727, 11742, 11799, 11800, 11801, 11817, 11818, 11819, 11828, 11829, 11830, 11838, 11841, 11842, 11843], ""1788840905000"": [11858, 11952, 11953, 11954, 11972, 11973, 11974, 11986, 11987, 11988, 11997, 11999, 12000, 12001, 12019, 12095, 12096, 12097, 12113, 12114, 12115, 12131, 12132, 12133, 12151, 12152, 12153, 12154, 12169, 12178, 12180, 12182, 12184, 12186, 12190, 12192, 12194, 12196, 12199, 12201, 12203, 12205, 12210, 12254, 12255, 12256, 12287, 12288, 12289, 12299, 12300, 12301, 12317, 12318, 12319, 12320, 12351, 12386, 12387, 12388, 12431, 12432, 12433, 12451, 12452, 12453, 12465, 12466, 12467, 12468, 12484, 12502, 12503, 12504, 12519, 12520, 12525, 12542, 12544, 12545, 12580, 12581, 12582, 12583], ""1788840910000"": [12598, 12637, 12638, 12639, 12652, 12653, 12659, 12662, 12663, 12664, 12711, 12712, 12713, 12714, 12746, 12937, 12938, 12939, 12943, 12944, 12959, 12964, 12965, 12966, 12977, 12978, 12979, 12980, 13044, 13068, 13069, 13070, 13079, 13080, 13091, 13095, 13096, 13097, 13105, 13106, 13107, 13108, 13137, 13193, 13194, 13195, 13205, 13206, 13215, 13219, 13220, 13221, 13232, 13233, 13234, 13235, 13268, 13329, 13330, 13331, 13338, 13339, 13340, 13350, 13351, 13352, 13385, 13386, 13387, 13388], ""1788840915000"": [13404, 13472, 13473, 13474, 13483, 13484, 13485, 13495, 13496, 13497, 13509, 13510, 13511, 13512, 13528, 13596, 13597, 13598, 13605, 13606, 13607, 13617, 13618, 13619, 13631, 13632, 13633, 13634, 13673, 13705, 13707, 13709, 13711, 13714, 13716, 13718, 13720, 13723, 13726, 13728, 13730, 13735, 13737, 13809, 13810, 13811, 13817, 13818, 13819, 13840, 13841, 13842, 13861, 13862, 13863, 13864, 13884, 14022, 14023, 14024, 14033, 14034, 14035, 14045, 14046, 14047, 14066, 14067, 14068, 14069, 14083, 14153, 14154, 14155, 14164, 14165, 14166, 14170, 14171, 14172, 14189, 14190, 14191, 14192], ""1788840920000"": [14217, 14309, 14310, 14311, 14317, 14318, 14319, 14328, 14329, 14330, 14355, 14356, 14357, 14358, 14371, 14433, 14434, 14435, 14445, 14446, 14447, 14448, 14449, 14450, 14473, 14474, 14475, 14476, 14491, 14552, 14553, 14554, 14565, 14566, 14567, 14568, 14569, 14570, 14611, 14612, 14613, 14614, 14640, 14691, 14692, 14693, 14708, 14709, 14710, 14711, 14712, 14713, 14739, 14740, 14741, 14742, 14759, 14787, 14788, 14792, 14803, 14806, 14807, 14808, 14809, 14810, 14860, 14861, 14862, 14863], ""1788840925000"": [14883, 14899, 14900, 14906, 14910, 14911, 14912, 14913, 14914, 14915, 14974, 14975, 14976, 14977, 15005, 15025, 15026, 15030, 15036, 15037, 15041, 15042, 15043, 15044, 15065, 15066, 15067, 15068, 15129, 15137, 15139, 15141, 15143, 15145, 15149, 15151, 15153, 15155, 15158, 15160, 15162, 15167, 15169, 15191, 15192, 15198, 15201, 15202, 15210, 15211, 15212, 15213, 15226, 15227, 15230, 15231, 15282, 15302, 15303, 15310, 15315, 15316, 15322, 15323, 15324, 15325, 15338, 15339, 15344, 15345, 15364, 15420, 15421, 15422, 15432, 15433, 15442, 15443, 15444, 15445, 15454, 15455], ""1788840930000"": [15462, 15463, 15489, 15571, 15572, 15573, 15582, 15583, 15591, 15592, 15593, 15594, 15599, 15600, 15612, 15613, 15634, 15713, 15714, 15715, 15723, 15724, 15733, 15734, 15735, 15736, 15741, 15742, 15743, 15744, 15773, 15837, 15838, 15839, 15844, 15845, 15855, 15856, 15857, 15858, 15867, 15868, 15869, 15870, 15898, 16045, 16046, 16047, 16048, 16049, 16063, 16064, 16065, 16066, 16087, 16088, 16089, 16090, 16112, 16183, 16184, 16185, 16186, 16187, 16202, 16203, 16204, 16205], ""1788840935000"": [16216, 16217, 16218, 16219, 16244, 16300, 16301, 16302, 16303, 16304, 16317, 16318, 16319, 16320, 16330, 16331, 16332, 16333, 16352, 16415, 16416, 16417, 16422, 16423, 16433, 16434, 16435, 16436, 16446, 16447, 16448, 16449, 16470, 16475, 16477, 16479, 16481, 16483, 16485, 16487, 16489, 16491, 16493, 16496, 16498, 16500, 16505, 16570, 16571, 16572, 16576, 16577, 16590, 16591, 16592, 16593, 16623, 16625, 16627, 16629, 16646, 16742, 16743, 16744, 16751, 16752, 16762, 16763, 16764, 16765, 16780, 16781, 16782, 16783, 16800, 16855, 16856, 16857, 16858, 16859, 16877, 16878, 16879, 16880], ""1788840940000"": [16900, 16901, 16902, 16903, 16918, 16960, 16961, 16962, 16963, 16964, 17006, 17007, 17008, 17009, 17038, 17039, 17040, 17041, 17061, 17072, 17073, 17074, 17078, 17079, 17085, 17086, 17087, 17088, 17144, 17145, 17146, 17147, 17171, 17184, 17185, 17186, 17190, 17191, 17198, 17199, 17200, 17201, 17236, 17237, 17238, 17239, 17282, 17296, 17297, 17298, 17305, 17306, 17307, 17308, 17309, 17310, 17336, 17337, 17338, 17339, 17395, 17445, 17446, 17447, 17454, 17455, 17456, 17457, 17458, 17459], ""1788840945000"": [17478, 17479, 17480, 17481, 17504, 17559, 17560, 17561, 17568, 17569, 17572, 17573, 17574, 17575, 17591, 17592, 17593, 17594, 17616, 17676, 17677, 17678, 17685, 17686, 17690, 17691, 17692, 17693, 17712, 17713, 17714, 17715, 17753, 17795, 17798, 17800, 17813, 17815, 17820, 17822, 17837, 17839, 17844, 17848, 17859, 17862, 17873, 17877, 17884, 17888, 17903, 17905, 17911, 17913, 17926, 17928, 17937, 17939, 17948, 17950, 17959]}"
day8_train_attacker_host_c003_OPCUA_PROTOCOL_FUZZ_slow,OPCUA_PROTOCOL_FUZZ,1788841012684,1788841015722,0,1,"{""1788841010000"": [23379]}"
day8_train_attacker_host_c004_OPCUA_RECURSIVE_BROWSE_medium,OPCUA_RECURSIVE_BROWSE,1788841080725,1788841096935,3,4,"{""1788841080000"": [28950, 28952, 28954, 28956, 28958, 28960, 28962, 28964, 28970, 28984, 28986, 28990, 28992, 28994, 28996, 28998, 29000, 29002, 29004, 29006, 29008, 29011, 29013, 29015, 29017, 29019, 29021, 29023, 29025, 29027, 29029, 29031, 29036, 29038, 29050, 29052, 29055, 29057, 29060, 29062, 29066, 29068, 29070, 29072, 29074, 29077, 29079, 29081, 29084, 29086, 29088, 29090, 29093, 29095, 29097, 29099, 29101, 29164, 29166, 29168, 29170, 29172, 29174, 29176, 29178, 29182, 29187, 29189, 29191, 29193, 29195, 29197, 29199, 29201, 29203, 29206, 29209, 29213, 29215, 29217, 29219, 29221, 29223, 29225, 29227, 29229, 29232, 29234, 29236, 29238, 29240, 29242, 29244, 29246, 29247, 29250, 29254, 29258, 29260, 29262, 29264, 29266, 29268, 29270, 29272, 29274, 29276, 29278, 29280, 29282, 29286, 29289, 29291, 29293, 29295, 29297, 29352, 29354, 29356, 29358, 29360, 29362, 29364, 29366, 29368, 29379, 29381, 29383, 29389, 29391, 29393, 29395, 29397, 29399, 29401, 29403, 29405, 29407, 29409, 29411, 29413, 29415, 29417, 29419, 29421, 29423, 29425, 29427, 29429, 29431, 29433, 29435, 29437, 29439, 29441, 29443, 29445, 29447, 29449, 29451, 29453, 29455, 29457, 29459, 29461, 29463, 29465, 29467, 29469, 29472, 29474, 29478, 29482, 29484, 29490, 29510, 29512, 29515, 29518, 29520, 29522, 29524, 29526, 29528, 29530, 29532, 29534, 29536, 29539, 29541, 29543, 29545, 29549, 29552, 29554, 29556, 29558, 29560, 29562, 29564, 29566, 29568, 29570, 29572, 29574, 29577, 29579, 29581, 29583, 29585, 29587, 29589, 29591, 29593, 29595, 29597, 29599, 29601, 29604, 29608, 29616, 29619, 29624, 29628, 29630, 29634, 29640, 29646, 29653, 29661, 29663, 29665, 29669, 29698, 29712, 29714, 29716, 29718, 29720, 29722, 29724, 29726, 29728, 29732, 29734, 29736, 29740, 29743, 29745, 29747, 29749, 29751, 29757, 29759, 29761, 29763, 29765, 29770, 29773, 29775, 29780, 29782, 29784, 29787, 29789, 29791, 29793, 29795, 29797, 29799, 29801, 29803, 29805, 29808, 29810, 29812, 29814, 29816, 29818, 29820, 29822, 29824, 29826, 29828, 29832, 29834, 29836, 29839, 29841, 29843, 29845, 29849, 29913, 29914, 29917, 29921, 29923, 29925, 29927, 29929, 29931, 29933, 29935, 29938, 29940, 29942, 29946, 29948, 29950, 29952, 29955, 29957, 29959, 29961, 29963, 29965, 29967, 29969, 29971, 29973, 29976, 29978, 29980, 29986, 29988, 29990, 29992, 29994, 29996, 29998, 30000, 30002, 30004, 30006, 30008, 30010, 30012, 30014, 30016, 30018, 30020], ""1788841085000"": [30022, 30026, 30028, 30032, 30034, 30037, 30043, 30049, 30051, 30053, 30104, 30108, 30113, 30115, 30117, 30120, 30122, 30124, 30126, 30128, 30132, 30134, 30136, 30140, 30142, 30144, 30147, 30153, 30156, 30158, 30160, 30162, 30164, 30167, 30169, 30171, 30173, 30175, 30179, 30182, 30185, 30187, 30189, 30191, 30193, 30195, 30196, 30201, 30204, 30206, 30209, 30211, 30213, 30215, 30217, 30219, 30222, 30225, 30227, 30229, 30231, 30233, 30236, 30238, 30241, 30243, 30246, 30248, 30250, 30274, 30276, 30278, 30280, 30282, 30285, 30287, 30289, 30291, 30293, 30295, 30297, 30299, 30302, 30304, 30307, 30309, 30311, 30313, 30315, 30317, 30319, 30321, 30323, 30325, 30328, 30330, 30332, 30334, 30336, 30338, 30340, 30342, 30344, 30346, 30348, 30350, 30352, 30355, 30357, 30359, 30361, 30363, 30365, 30367, 30369, 30371, 30376, 30380, 30382, 30384, 30386, 30390, 30400, 30402, 30406, 30412, 30424, 30446, 30465, 30467, 30469, 30473, 30475, 30479, 30481, 30483, 30485, 30487, 30489, 30491, 30493, 30497, 30499, 30501, 30503, 30505, 30507, 30509, 30511, 30513, 30515, 30518, 30520, 30522, 30524, 30526, 30528, 30530, 30532, 30534, 30536, 30538, 30541, 30543, 30545, 30547, 30549, 30551, 30553, 30555, 30557, 30559, 30561, 30563, 30565, 30567, 30569, 30571, 30573, 30575, 30577, 30580, 30582, 30584, 30587, 30589, 30625, 30648, 30650, 30652, 30654, 30656, 30658, 30660, 30662, 30664, 30666, 30670, 30678, 30680, 30682, 30684, 30686, 30688, 30690, 30692, 30694, 30696, 30698, 30700, 30702, 30706, 30708, 30710, 30712, 30714, 30717, 30719, 30721, 30723, 30725, 30727, 30729, 30731, 30734, 30737, 30739, 30741, 30743, 30745, 30747, 30749, 30751, 30755, 30759, 30761, 30763, 30765, 30767, 30770, 30773, 30775, 30777, 30779, 30781, 30803, 30812, 30816, 30820, 30827, 30833, 30841, 30847, 30849, 30851, 30857, 30860, 30866, 30868, 30870, 30878, 30880, 30882, 30884, 30886, 30888, 30890, 30892, 30894, 30897, 30899, 30901, 30903, 30905, 30907, 30909, 30911, 30913, 30915, 30917, 30920, 30922, 30924, 30926, 30932, 30934, 30936, 30942, 30944, 30946, 30949, 30951, 30953, 30957, 30961, 30963, 30966, 30970, 30972, 30977, 30980, 30982, 30985, 30991, 31143, 31145, 31147, 31149, 31151, 31153, 31155, 31157, 31159, 31161, 31163, 31169, 31171, 31173, 31175, 31177, 31183, 31185, 31186, 31188, 31193, 31195, 31199, 31201, 31203, 31205, 31207, 31209, 31211, 31213, 31215, 31217, 31219, 31221, 31223, 31225, 31227, 31229, 31231, 31233, 31235, 31237, 31239, 31241, 31243, 31245, 31247, 31249, 31251, 31253, 31255, 31261, 31271, 31277, 31286, 31292, 31298, 31304, 31308], ""1788841090000"": [31342, 31344, 31346, 31348, 31350, 31352, 31355, 31357, 31360, 31362, 31364, 31366, 31368, 31370, 31372, 31374, 31376, 31379, 31381, 31383, 31385, 31387, 31389, 31391, 31393, 31395, 31397, 31399, 31401, 31403, 31405, 31407, 31409, 31411, 31413, 31415, 31417, 31419, 31421, 31423, 31425, 31427, 31429, 31431, 31433, 31435, 31437, 31439, 31441, 31443, 31447, 31451, 31453, 31456, 31458, 31460, 31462, 31463, 31466, 31538, 31540, 31542, 31544, 31546, 31548, 31550, 31552, 31554, 31556, 31558, 31560, 31562, 31564, 31566, 31568, 31570, 31572, 31574, 31577, 31579, 31581, 31583, 31585, 31587, 31589, 31591, 31593, 31595, 31597, 31599, 31602, 31606, 31608, 31610, 31612, 31614, 31617, 31619, 31621, 31623, 31625, 31627, 31629, 31632, 31634, 31637, 31641, 31643, 31645, 31647, 31649, 31651, 31655, 31657, 31659, 31661, 31663, 31672, 31694, 31696, 31698, 31700, 31706, 31712, 31718, 31724, 31730, 31736, 31742, 31748, 31752, 31754, 31758, 31763, 31765, 31767, 31769, 31771, 31773, 31775, 31779, 31782, 31784, 31787, 31789, 31793, 31795, 31797, 31799, 31801, 31804, 31806, 31809, 31811, 31813, 31815, 31817, 31819, 31822, 31824, 31826, 31829, 31831, 31833, 31835, 31837, 31839, 31841, 31843, 31845, 31848, 31851, 31853, 31855, 31857, 31859, 31876, 31881, 31883, 31885, 31887, 31889, 31891, 31893, 31895, 31897, 31899, 31901, 31907, 31909, 31911, 31913, 31915, 31917, 31919, 31921, 31923, 31925, 31927, 31929, 31931, 31933, 31935, 31937, 31939, 31941, 31943, 31945, 31947, 31949, 31951, 31955, 31959, 31961, 31963, 31965, 31967, 31969, 31971, 31973, 31975, 31977, 31979, 31981, 31985, 31987, 31991, 31993, 31995, 31997, 32000, 32002, 32004, 32008, 32014, 32076, 32078, 32080, 32082, 32085, 32087, 32089, 32091, 32093, 32095, 32097, 32099, 32101, 32103, 32104, 32113, 32115, 32117, 32119, 32121, 32123, 32125, 32127, 32129, 32131, 32133, 32137, 32139, 32141, 32143, 32145, 32147, 32149, 32151, 32153, 32155, 32157, 32159, 32161, 32163, 32165, 32167, 32169, 32171, 32173, 32175, 32177, 32183, 32185, 32187, 32189, 32191, 32193, 32195, 32198, 32200, 32202, 32204, 32206, 32261, 32263, 32265, 32267, 32269, 32271, 32273, 32275, 32277, 32279, 32281, 32283, 32285, 32287, 32289, 32291, 32294, 32296, 32298, 32300, 32302, 32304, 32306, 32308, 32311, 32313, 32316, 32318, 32320, 32322, 32326, 32328, 32330, 32332, 32334, 32337, 32339, 32341, 32343, 32345, 32347, 32349, 32351, 32353, 32355, 32357, 32359, 32361, 32363, 32365, 32367, 32369, 32371, 32374, 32376, 32378, 32380, 32381, 32386], ""1788841095000"": [32415, 32417, 32419, 32421, 32423, 32427, 32433, 32440, 32446, 32452, 32458, 32464, 32471, 32476, 32478, 32480, 32484, 32488, 32491, 32493, 32496, 32498, 32500, 32502, 32504, 32506, 32508, 32513, 32515, 32518, 32520, 32522, 32524, 32526, 32528, 32531, 32533, 32536, 32538, 32540, 32542, 32544, 32546, 32548, 32550, 32553, 32555, 32557, 32559, 32561, 32563, 32566, 32568, 32571, 32573, 32575, 32577, 32579, 32589, 32609, 32611, 32613, 32617, 32619, 32621, 32623, 32625, 32627, 32629, 32631, 32633, 32635, 32637, 32639, 32641, 32643, 32645, 32647, 32649, 32651, 32653, 32655, 32659, 32661, 32663, 32665, 32667, 32669, 32671, 32673, 32675, 32677, 32679, 32681, 32683, 32685, 32687, 32689, 32691, 32693, 32695, 32697, 32699, 32701, 32703, 32705, 32707, 32709, 32712, 32714, 32716, 32718, 32721, 32723, 32725, 32727, 32730, 32781, 32792, 32794]}"
day8_train_attacker_host_c005_OPCUA_BEHAVIORAL_PROFILING_medium,OPCUA_BEHAVIORAL_PROFILING,1788841161936,1788841222026,12,13,"{""1788841160000"": [38512, 38513, 38518, 38520, 38522, 38524, 38526, 38528, 38609, 38610, 38701, 38774], ""1788841165000"": [38841, 38842, 38935, 39016, 39099, 39100], ""1788841170000"": [39180, 39265, 39345, 39346, 39422, 39499, 39578], ""1788841175000"": [39581, 39701, 39769, 39854, 39965], ""1788841180000"": [40065, 40155, 40273, 40345, 40361, 40453], ""1788841185000"": [40531, 40606, 40628, 40713, 40801, 40863, 40878], ""1788841190000"": [40961, 41054, 41123, 41145, 41224, 41307], ""1788841195000"": [41384, 41468, 41543, 41614, 41675], ""1788841200000"": [41712, 41732, 41809, 41911, 41969, 41989, 42075], ""1788841205000"": [42154, 42216, 42230, 42307, 42394, 42449, 42483], ""1788841210000"": [42564, 42651, 42734, 42921, 43006], ""1788841215000"": [43090, 43159, 43223, 43241, 43314, 43391], ""1788841220000"": [43453, 43469, 43551, 43606, 43612, 43614]}"
day8_train_attacker_host_c006_OPCUA_PROTOCOL_FUZZ_fast,OPCUA_PROTOCOL_FUZZ,1788841287027,1788841291591,1,2,"{""1788841285000"": [49146], ""1788841290000"": [49329, 49402, 49427]}"
day8_train_attacker_host_c007_OPCUA_SESSION_BURST_slow,OPCUA_SESSION_BURST,1788841356593,1788841369947,2,2,"{""1788841355000"": [54946, 54952, 54954, 54956, 54959, 54969, 54983, 54989], ""1788841360000"": [55165, 55168, 55170, 55173, 55177, 55181, 55193, 55201, 55371, 55374, 55376, 55378, 55381, 55393, 55405, 55407]}"
day8_train_attacker_host_c008_OPCUA_INVALID_WRITE_fixed,OPCUA_INVALID_WRITE,1788841434948,1788841435012,0,1,"{""1788841430000"": [61179, 61193, 61195]}"
day8_train_attacker_host_c009_OPCUA_BEHAVIORAL_PROFILING_medium,OPCUA_BEHAVIORAL_PROFILING,1788841500013,1788841560112,12,13,"{""1788841500000"": [66557, 66558, 66569, 66571, 66573, 66579, 66581, 66583, 66662, 66668, 66745, 66819, 66901], ""1788841505000"": [66968, 67045, 67172, 67300, 67371, 67376], ""1788841510000"": [67448, 67522, 67558, 67579, 67659, 67863], ""1788841515000"": [67934, 67937, 68050, 68133, 68220, 68225, 68307], ""1788841520000"": [68392, 68453, 68563, 68655, 68716], ""1788841525000"": [68791, 68826, 68862, 68937, 69013, 69087, 69095], ""1788841530000"": [69164, 69257, 69360, 69362, 69728, 69935], ""1788841535000"": [70085, 70137, 70236, 70303, 70344, 70465], ""1788841540000"": [70555, 70644, 70757, 70873, 70882, 70979], ""1788841545000"": [71088, 71158, 71166, 71254, 71324, 71381, 71424], ""1788841550000"": [71497, 71582, 71646, 71658, 71761, 71841], ""1788841555000"": [71928, 72009, 72086, 72177, 72300], ""1788841560000"": [72401, 72408, 72410]}"
day8_train_attacker_host_c010_OPCUA_BEHAVIORAL_PROFILING_fast,OPCUA_BEHAVIORAL_PROFILING,1788841625113,1788841715221,18,19,"{""1788841625000"": [78597, 78598, 78601, 78611, 78614, 78616, 78618, 78621, 78671, 78672, 78767, 78851, 78854, 78928], ""1788841630000"": [79009, 79084, 79088, 79166, 79264, 79346, 79347], ""1788841635000"": [79433, 79515, 79601, 79602, 79679, 79760], ""1788841640000"": [79837, 79923, 80011, 80080, 80140], ""1788841645000"": [80202, 80206, 80292, 80374, 80445, 80465, 80541], ""1788841650000"": [80618, 80692, 80717, 80801, 80897, 80964, 80975], ""1788841655000"": [81066, 81163, 81259, 81364, 81450], ""1788841660000"": [81553, 81611, 81665, 81677, 81766, 81864], ""1788841665000"": [81934, 81953, 82031, 82160, 82256, 82285, 82377], ""1788841670000"": [82452, 82516, 82544, 82613, 82713, 82782], ""1788841675000"": [82860, 82935, 83008, 83075, 83362, 83375], ""1788841680000"": [83466, 83558, 83629, 83646, 83734, 83844], ""1788841685000"": [83910, 83934, 84026, 84113, 84173, 84200, 84286], ""1788841690000"": [84382, 84467, 84530, 84615, 84695], ""1788841695000"": [84767, 84814, 84830, 84903, 84983, 85040, 85056], ""1788841700000"": [85129, 85194, 85248, 85266, 85334, 85402], ""1788841705000"": [85447, 85482, 85573, 85649, 85725, 85794], ""1788841710000"": [85884, 85974, 86054, 86171, 86271, 86391], ""1788841715000"": [86406, 86410, 86412]}"
day8_train_attacker_host_c011_OPCUA_SLOWLORIS_slow,OPCUA_SLOWLORIS,1788841780222,1788841805565,5,6,"{""1788841780000"": [92632, 92642, 92644, 92647, 92658, 92666, 92674, 92678, 92691, 92701, 92704, 92708, 92721, 92732, 92734, 92737, 92750, 92761, 92763, 92766, 92776, 92779, 92780, 92794, 92804, 92806, 92808, 92902, 92905, 92909, 92911, 92915, 92983, 92987, 92993, 92995, 93000, 93057, 93070, 93089, 93090, 93098, 93138, 93139, 93161, 93163, 93187], ""1788841785000"": [93231, 93232, 93237, 93238, 93257, 93318, 93319, 93324, 93325, 93330, 93412, 93413, 93420, 93421, 93428, 93497, 93498, 93503, 93504, 93517, 93611, 93612, 93618, 93619, 93626], ""1788841790000"": [93699, 93700, 93703, 93704, 93711, 93790, 93791, 93794, 93795, 93802, 93881, 93882, 93886, 93887, 93895, 93970, 93971, 93974, 93975, 93986, 94058, 94059, 94060, 94061, 94081], ""1788841795000"": [94160, 94161, 94162, 94163, 94177, 94247, 94248, 94249, 94250, 94260, 94331, 94332, 94333, 94334, 94345, 94428, 94429, 94430, 94431, 94445, 94495, 94496, 94497, 94498, 94540], ""1788841800000"": [94588, 94589, 94590, 94591, 94615, 94692, 94693, 94694, 94695, 94707, 94780, 94781, 94782, 94783, 94796, 94878, 94879, 94880, 94884, 94894, 94968, 94969, 94970, 94976, 94985], ""1788841805000"": [95114, 95115, 95116, 95124, 95125, 95128, 95130, 95146, 95148, 95150, 95155, 95157, 95170, 95173, 95180]}"
day8_train_attacker_host_c012_OPCUA_ENDPOINT_DISCOVERY_fixed,OPCUA_ENDPOINT_DISCOVERY,1788841870566,1788841870617,0,1,"{""1788841870000"": [100954, 100956, 100960]}"
day8_train_attacker_host_c013_OPCUA_PROTOCOL_FUZZ_fast,OPCUA_PROTOCOL_FUZZ,1788841935618,1788841940199,1,1,"{""1788841935000"": [108385, 108971, 108997, 109061]}"
day8_train_attacker_host_c014_OPCUA_BEHAVIORAL_PROFILING_medium,OPCUA_BEHAVIORAL_PROFILING,1788842005199,1788842065289,12,13,"{""1788842005000"": [114399, 114400, 114413, 114417, 114419, 114421, 114423, 114425, 114509, 114515, 114603, 114684, 114685, 114773], ""1788842010000"": [114848, 114931, 114932, 115015, 115106, 115143, 115186], ""1788842015000"": [115230, 115338, 115418, 115497, 115645], ""1788842020000"": [115788, 115878, 115952, 115955, 116038, 116114], ""1788842025000"": [116198, 116203, 116313, 116426, 116520, 116527, 116625], ""1788842030000"": [116703, 116740, 116785, 116855, 116916, 116985], ""1788842035000"": [117082, 117186, 117289, 117372, 117444, 117456], ""1788842040000"": [117541, 117629, 117709, 117715, 117793, 117864], ""1788842045000"": [117894, 117943, 118022, 118049, 118097, 118170, 118217], ""1788842050000"": [118297, 118397, 118469, 118546, 118621], ""1788842055000"": [118694, 118702, 118791, 118868, 118945, 118954, 119037], ""1788842060000"": [119123, 119161, 119209, 119285, 119371, 119406, 119441], ""1788842065000"": [119500, 119507, 119509]}"
day8_train_attacker_host_c015_OPCUA_BEHAVIORAL_PROFILING_fast,OPCUA_BEHAVIORAL_PROFILING,1788842130290,1788842220387,18,19,"{""1788842130000"": [124913, 124914, 124925, 124927, 124929, 124931, 124933, 124935, 125022, 125026, 125147, 125148, 125241, 125317], ""1788842135000"": [125405, 125484, 125584, 125671, 125784], ""1788842140000"": [125875, 125880, 126106, 126185, 126261, 126277, 126365], ""1788842145000"": [126450, 126520, 126527, 126611, 126713, 126841, 126849], ""1788842150000"": [126947, 127028, 127122, 127198, 127269], ""1788842155000"": [127314, 127401, 127481, 127494, 127574, 127664], ""1788842160000"": [127744, 127764, 127838, 127929, 127992, 128009, 128082], ""1788842165000"": [128179, 128228, 128265, 128350, 128445, 128513], ""1788842170000"": [128564, 128655, 128800, 128908, 129001, 129011], ""1788842175000"": [129170, 129323, 129444, 129460, 129776, 129995], ""1788842180000"": [130071, 130080, 130158, 130244, 130288, 130332, 130406], ""1788842185000"": [130484, 130563, 130637, 130679, 130757], ""1788842190000"": [130837, 130901, 130905, 130998, 131081, 131159, 131243], ""1788842195000"": [131652, 131883, 131960, 131971, 132108, 132210], ""1788842200000"": [132239, 132303, 132389, 132463, 132557, 132635], ""1788842205000"": [132716, 132791, 132831, 132891, 132916, 133040], ""1788842210000"": [133126, 133155, 133229, 133311, 133375, 133393, 133452], ""1788842215000"": [133511, 133587, 133684, 133732, 133900, 134004], ""1788842220000"": [134083, 134097, 134101, 134103]}"
day8_train_attacker_host_c016_OPCUA_SLOWLORIS_medium,OPCUA_SLOWLORIS,1788842285388,1788842326046,8,9,"{""1788842285000"": [139381, 139383, 139390, 139403, 139413, 139416, 139419, 139426, 139438, 139449, 139452, 139457, 139468, 139478, 139483, 139496, 139505, 139509, 139512, 139517, 139527, 139537, 139545, 139552, 139560, 139571, 139574, 139587, 139598, 139600, 139603, 139616, 139626, 139629, 139632, 139637, 139649, 139660, 139663, 139669, 139676, 139677, 139691, 139701, 139703, 139705, 139707, 139709, 139711, 139713, 139716, 139797, 139799, 139803, 139805, 139808, 139809, 139819, 139821, 139825, 139827, 139895, 139902, 139906, 139907, 139912, 139913, 139922, 139924, 139928, 139929, 139995, 140005, 140013, 140014, 140020, 140021, 140028, 140032, 140036, 140037, 140067, 140082, 140113, 140114, 140122, 140123, 140128, 140136, 140140, 140141], ""1788842290000"": [140162, 140163, 140192, 140193, 140215, 140216, 140227, 140228, 140236, 140237, 140278, 140279, 140288, 140289, 140312, 140313, 140342, 140343, 140354, 140355, 140378, 140379, 140390, 140391, 140398, 140399, 140416, 140417, 140452, 140453, 140493, 140494, 140501, 140502, 140507, 140508, 140519, 140520, 140538, 140539, 140589, 140590, 140603, 140604, 140609, 140610, 140617, 140618, 140627, 140628], ""1788842295000"": [140703, 140704, 140715, 140716, 140720, 140721, 140733, 140734, 140739, 140740, 140804, 140805, 140819, 140820, 140825, 140826, 140833, 140834, 140841, 140842, 140915, 140916, 140927, 140928, 140933, 140935, 140941, 140942, 140949, 140950, 141026, 141027, 141041, 141042, 141048, 141049, 141067, 141068, 141075, 141076, 141140, 141141, 141153, 141154, 141159, 141160, 141167, 141168, 141175, 141176], ""1788842300000"": [141237, 141238, 141259, 141260, 141268, 141269, 141270, 141271, 141283, 141284, 141350, 141351, 141361, 141362, 141373, 141374, 141375, 141376, 141385, 141386, 141450, 141451, 141464, 141465, 141476, 141477, 141478, 141479, 141489, 141490, 141551, 141552, 141566, 141567, 141578, 141579, 141580, 141584, 141597, 141598, 141657, 141658, 141673, 141674, 141685, 141686, 141689, 141695, 141700, 141701], ""1788842305000"": [141740, 141741, 141781, 141782, 141802, 141803, 141804, 141810, 141814, 141815, 141825, 141827, 141829, 141831, 141834, 141836, 141838, 141840, 141842, 141845, 141872, 141873, 141882, 141883, 141909, 141912, 141914, 141938, 141946, 141947, 141975, 141976, 141988, 141989, 142006, 142007, 142008, 142009, 142057, 142058, 142080, 142081, 142088, 142089, 142114, 142115, 142116, 142117, 142144, 142145, 142202, 142203, 142209, 142210, 142229, 142230, 142231, 142232, 142241, 142242], ""1788842310000"": [142301, 142302, 142305, 142306, 142325, 142326, 142327, 142328, 142338, 142339, 142405, 142406, 142410, 142412, 142432, 142433, 142434, 142435, 142448, 142449, 142506, 142507, 142508, 142509, 142528, 142529, 142530, 142531, 142544, 142545, 142612, 142613, 142614, 142615, 142635, 142636, 142637, 142638, 142652, 142653, 142716, 142717, 142718, 142719, 142741, 142742, 142743, 142744, 142757, 142758], ""1788842315000"": [142841, 142842, 142843, 142844, 142867, 142868, 142869, 142870, 142892, 142893, 142964, 142965, 142966, 142967, 142986, 142987, 142988, 142989, 143000, 143001, 143066, 143067, 143068, 143069, 143089, 143090, 143091, 143092, 143108, 143109, 143215, 143216, 143217, 143218, 143237, 143238, 143239, 143240, 143255, 143256, 143332, 143333, 143334, 143335, 143374, 143375, 143376, 143377, 143393, 143394], ""1788842320000"": [143446, 143447, 143448, 143449, 143467, 143468, 143478, 143479, 143490, 143491, 143535, 143536, 143537, 143538, 143582, 143583, 143594, 143595, 143604, 143605, 143660, 143661, 143662, 143663, 143689, 143690, 143735, 143736, 143758, 143759, 143791, 143792, 143793, 143794, 143807, 143808, 143833, 143834, 143860, 143861, 143889, 143890, 143891, 143892, 143905, 143906, 143918, 143919, 143926, 143929], ""1788842325000"": [143993, 143994, 143995, 143996, 144012, 144013, 144024, 144025, 144034, 144035, 144036, 144039, 144041, 144058, 144060, 144065, 144067, 144087, 144089, 144096, 144098, 144115, 144117, 144122, 144124, 144142, 144144, 144149, 144151, 144168]}"
day8_train_attacker_host_c017_OPCUA_WRITE_DENIED_fixed,OPCUA_WRITE_DENIED,1788842391047,1788842391100,0,1,"{""1788842390000"": [150008, 150012, 150016]}"
day8_train_attacker_host_c018_OPCUA_INVALID_WRITE_fixed,OPCUA_INVALID_WRITE,1788842456101,1788842456157,0,1,"{""1788842455000"": [155345, 155351, 155353]}"
day8_train_attacker_host_c019_OPCUA_INVALID_WRITE_fixed,OPCUA_INVALID_WRITE,1788842521159,1788842521218,0,1,"{""1788842520000"": [160695, 160698, 160700]}"
day8_train_attacker_host_c020_OPCUA_SLOWLORIS_slow,OPCUA_SLOWLORIS,1788842586219,1788842611535,5,6,"{""1788842585000"": [168447, 168457, 168459, 168462, 168475, 168485, 168488, 168491, 168496, 168507, 168518, 168521, 168526, 168537, 168547, 168550, 168563, 168574, 168576, 168579, 168581, 168591, 168592, 168607, 168617, 168619, 168621, 168698, 168699, 168704, 168707, 168709, 168789, 168790, 168795, 168798, 168800, 168886, 168887, 168893, 168896, 168900], ""1788842590000"": [168979, 168980, 168984, 168993, 168998, 169045, 169046, 169051, 169089, 169091, 169133, 169134, 169138, 169150, 169151, 169216, 169217, 169218, 169234, 169235, 169317, 169318, 169319, 169331, 169332], ""1788842595000"": [169413, 169414, 169415, 169427, 169428, 169510, 169511, 169512, 169518, 169519, 169600, 169601, 169602, 169608, 169609, 169684, 169685, 169687, 169692, 169693, 169785, 169786, 169787, 169792, 169793], ""1788842600000"": [169875, 169876, 169877, 169878, 169879, 170030, 170031, 170032, 170033, 170034, 170146, 170147, 170148, 170149, 170150, 170239, 170240, 170241, 170242, 170243, 170331, 170332, 170333, 170334, 170335], ""1788842605000"": [170421, 170422, 170423, 170424, 170425, 170506, 170507, 170508, 170509, 170510, 170596, 170597, 170600, 170601, 170602, 170652, 170653, 170654, 170655, 170656, 170724, 170725, 170726, 170727, 170728], ""1788842610000"": [170810, 170811, 170812, 170813, 170814, 170992, 170994, 170996, 171009, 171011, 171016, 171018, 171033, 171035, 171044]}"
day8_train_attacker_host_c021_OPCUA_SUBSCRIPTION_FLOOD_slow,OPCUA_SUBSCRIPTION_FLOOD,1788842676536,1788842695764,4,4,"{""1788842675000"": [176528, 176530, 176532, 176535, 176545, 176560, 176561, 176648, 176652], ""1788842680000"": [176747, 176831, 176900, 176973, 177064], ""1788842685000"": [177142, 177189, 177264, 177343, 177421], ""1788842690000"": [177519, 177523, 177622, 177697, 177776, 177780, 177782]}"
day8_train_attacker_host_c022_OPCUA_BEHAVIORAL_PROFILING_slow,OPCUA_BEHAVIORAL_PROFILING,1788842760765,1788842780866,4,5,"{""1788842760000"": [184125, 184126, 184139, 184145, 184149, 184151, 184153, 184155, 184247, 184248, 184336, 184408, 184449, 184450], ""1788842765000"": [184537, 184625, 184699, 184700, 184788, 184863], ""1788842770000"": [184939, 185047, 185119, 185200, 185280], ""1788842775000"": [185358, 185361, 185434, 185512, 185596, 185601, 185675], ""1788842780000"": [185715, 185719, 185721]}"
day8_train_attacker_host_c023_OPCUA_NODE_BROWSE_fixed,OPCUA_NODE_BROWSE,1788842845867,1788842845999,0,1,"{""1788842845000"": [190752, 190754, 190756, 190758, 190760, 190762, 190764, 190766, 190768, 190772, 190774, 190776, 190778, 190780, 190782, 190784, 190786, 190788, 190790]}"
day8_train_attacker_host_c024_OPCUA_SUBSCRIPTION_FLOOD_slow,OPCUA_SUBSCRIPTION_FLOOD,1788842911001,1788842930170,4,4,"{""1788842910000"": [196489, 196491, 196493, 196496, 196506, 196516, 196517, 196601, 196605], ""1788842915000"": [196673, 196767, 196846, 196941, 197045], ""1788842920000"": [197127, 197218, 197290, 197394, 197473], ""1788842925000"": [197552, 197633, 197717, 197797, 197801, 197803]}"
day8_train_attacker_host_c025_OPCUA_INVALID_WRITE_fixed,OPCUA_INVALID_WRITE,1788842995171,1788842995229,0,1,"{""1788842995000"": [203509, 203515, 203517]}"
day8_train_attacker_host_c026_OPCUA_NODE_BROWSE_fixed,OPCUA_NODE_BROWSE,1788843060231,1788843060363,0,1,"{""1788843060000"": [210885, 210887, 210889, 210891, 210893, 210895, 210897, 210899, 210901, 210903, 210905, 210907, 210909, 210913, 210919, 210925, 210931, 210937, 210939]}"
day8_train_attacker_host_c027_OPCUA_WRITE_DENIED_fixed,OPCUA_WRITE_DENIED,1788843125380,1788843125428,0,1,"{""1788843125000"": [216242, 216252, 216254, 216256]}"
day8_train_attacker_host_c028_OPCUA_SESSION_BURST_slow,OPCUA_SESSION_BURST,1788843190430,1788843209770,3,3,"{""1788843190000"": [223814, 223821, 223846, 223858, 223878], ""1788843195000"": [223943, 223947, 223969, 223977, 223987], ""1788843200000"": [224027, 224045, 224068, 224077, 224089]}"
